{"cameraMode":{"drawMode":0,"name":"Shaded","section":"Shading Mode"},"sceneLighting":true,"audioPlay":false,"sceneViewState":{"showFog":true,"showMaterialUpdate":false,"showSkybox":true,"showFlares":true,"showImageEffects":true,"showParticleSystems":true},"in2DMode":false,"pivot":{"x":-10.099832534790039,"y":-5.210437774658203,"z":4.505183219909668},"rotation":{"x":-0.15588444471359254,"y":0.5501679182052612,"z":-0.1054144948720932,"w":-0.8135742545127869},"size":19.35968589782715,"orthographic":false}